# Multi-site redirects for Young Hadene ecosystem

# Main site
/                            https://younghadene.ca                            301

# Demo Structure Sites
/academy/                    https://younghadene.ca/academy/                    301
/label/                     https://younghadene.ca/label/                     301
/blog/                      https://younghadene.ca/blog/                      301
/shop/                      https://younghadene.ca/shop/                      301
/community/                 https://younghadene.ca/community/                 301

# Content Hub Subdomains - Artist
https://biography.younghadene.ca/         https://younghadene.ca/#artist          301
https://journey.younghadene.ca/           https://younghadene.ca/#artist          301
https://evolution.younghadene.ca/         https://younghadene.ca/#artist          301
https://discography.younghadene.ca/       https://younghadene.ca/#artist          301
https://artist.younghadene.ca/            https://younghadene.ca/#artist          301
https://str8hitsrecords.younghadene.ca/   https://younghadene.ca/#artist          301

# Content Hub Subdomains - Music
https://drill.younghadene.ca/              https://younghadene.ca/#music           301
https://scenedeepdive.younghadene.ca/     https://younghadene.ca/#music           301
https://hiphop.younghadene.ca/            https://younghadene.ca/#music           301
https://production.younghadene.ca/        https://younghadene.ca/#music           301
https://albums.younghadene.ca/            https://younghadene.ca/#music           301
https://lyrics.younghadene.ca/            https://younghadene.ca/#music           301

# Content Hub Subdomains - Toronto
https://history.younghadene.ca/            https://younghadene.ca/#toronto         301
https://janeandfinch.younghadene.ca/      https://younghadene.ca/#toronto         301
https://neighborhoods.younghadene.ca/     https://younghadene.ca/#toronto         301
https://drillscene.younghadene.ca/        https://younghadene.ca/#toronto         301
https://venues.younghadene.ca/            https://younghadene.ca/#toronto         301
https://artists.younghadene.ca/           https://younghadene.ca/#toronto         301

# Content Hub Subdomains - Culture
https://haitianhiphop.younghadene.ca/      https://younghadene.ca/#culture         301
https://haitianmusic.younghadene.ca/      https://younghadene.ca/#culture         301
https://diaspora.younghadene.ca/          https://younghadene.ca/#culture         301
https://culturalimpact.younghadene.ca/    https://younghadene.ca/#culture         301
https://success.younghadene.ca/           https://younghadene.ca/#culture         301
https://festivals.younghadene.ca/         https://younghadene.ca/#culture         301

# Content Hub Subdomains - Industry
https://indielabels.younghadene.ca/        https://younghadene.ca/#industry        301
https://artistdevelopment.younghadene.ca/ https://younghadene.ca/#industry        301
https://musicbusiness.younghadene.ca/     https://younghadene.ca/#industry        301
https://insights.younghadene.ca/           https://younghadene.ca/#industry        301
https://digitalstrategy.younghadene.ca/    https://younghadene.ca/#industry        301
https://businessadvice.younghadene.ca/     https://younghadene.ca/#industry        301

# Guide redirects
/how-to-make-drill-music/        https://younghadene.ca/how-to-make-drill-music/ 301
/how-to-start-independent-record-label/  https://younghadene.ca/how-to-start-independent-record-label/ 301

# Trailing slash redirects
/academy                     https://younghadene.ca/academy/                    301
/label                      https://younghadene.ca/label/                     301
/blog                       https://younghadene.ca/blog/                      301
/shop                       https://younghadene.ca/shop/                      301
/community                  https://younghadene.ca/community/                 301

# Legacy redirects (if any old URLs exist)
/demo-structure/academy/     https://younghadene.ca/academy/                    301
/demo-structure/label/      https://younghadene.ca/label/                     301
/demo-structure/blog/       https://younghadene.ca/blog/                      301
/demo-structure/shop/       https://younghadene.ca/shop/                      301
/demo-structure/community/  https://younghadene.ca/community/                 301

# Example redirect (uncomment and modify as needed):
# /old-page /new-page 301

# Handle SPA routing (if you add a single-page app later):
# /* /index.html 200
